step,epoch,loss,eval_loss
0,,,1.3695259094238281
0,,,1.3695259094238281
10,0.010996563573883162,1.3375,
10,0.010996563573883162,,1.3635542392730713
20,0.021993127147766325,1.291,
20,0.021993127147766325,,1.306168794631958
