step,epoch,loss,eval_loss
0,,,0.8108545541763306
0,,,0.8108545541763306
