step,epoch,loss,eval_loss
10,0.01098901098901099,23.462,
10,0.01098901098901099,,23.13259506225586
